,X.1,X,Spp,Label,Order,Zoonoses,ParasiteGMPD,Citation,ParasiteCorrectedNameGMPD,Note
3041,2507,19,Allenopithecus nigroviridis,0,Primates,,,,,
3042,2508,223,Allocebus trichotis,0,Primates,,,,,
3043,2509,317,Alouatta belzebul,1,Primates,Toxoplasmosis,,https://www.ncbi.nlm.nih.gov/pubmed/21055880?dopt=abstract,Toxoplasma gondii,
3044,2510,610,Alouatta caraya,1,Primates,Giardiasis,Giardia intestinalis,,,
3045,2511,710,Alouatta caraya,1,Primates,Leptospirosis,,GIDEON table,Leptospira interrogans,
3046,2512,910,Alouatta caraya,1,Primates,St. Louis encephalitis,,https://www.ncbi.nlm.nih.gov/pubmed/11050814?dopt=abstract,Flavivirus St. Louis encephalitis virus,
3047,2513,103,Alouatta caraya,1,Primates,Toxoplasmosis,,https://www.ncbi.nlm.nih.gov/pubmed/24646216?dopt=abstract,Toxoplasma gondii,
3048,2514,1110,Alouatta caraya,1,Primates,Vaccinia and cowpox,,https://www.ncbi.nlm.nih.gov/pubmed/20507750?dopt=abstract,Orthopoxvirus sp.,
3049,2515,123,Alouatta caraya,1,Primates,Yellow fever,Flavivirus Yellow fever virus,,,
3050,2516,1310,Alouatta coibensis,0,Primates,,,,,
3051,2517,1410,Alouatta guariba,1,Primates,Leishmaniasis - visceral,,https://www.ncbi.nlm.nih.gov/pubmed/20056328,Leishmania donovani,Not in GIDEON or in GMPD
3052,2518,1610,Alouatta macconnelli,0,Primates,,,,,
3053,2519,1710,Alouatta nigerrima,0,Primates,,,,,
3054,2520,18,Alouatta palliata,1,Primates,Ascariasis,Ascaris lumbricoides,,,
3055,2521,20,Alouatta palliata,1,Primates,Leishmaniasis - cutaneous,Leishmania mexicana,,,
3056,2522,21,Alouatta palliata,1,Primates,Trypanosomiasis - American,Trypanosoma cruzi,,,
3057,2523,22,Alouatta pigra,1,Primates,Giardiasis,Giardia intestinalis,,,
3058,2524,23,Alouatta pigra,1,Primates,Leishmaniasis - cutaneous,Leishmania mexicana,,,
3059,2525,24,Alouatta pigra,1,Primates,Trypanosomiasis - American,Trypanosoma cruzi,,,
3060,2526,25,Alouatta sara,0,Primates,,,,,
3061,2527,26,Alouatta seniculus,1,Primates,Mayaro,Alphavirus Mayaro virus,,,
3062,2528,27,Alouatta seniculus,1,Primates,Yellow fever,Flavivirus Yellow fever virus,,,
3063,2529,28,Aotus azarae,0,Primates,,,,,
3064,2530,29,Aotus hershkovitzi,0,Primates,,,,,
3065,2531,30,Aotus lemurinus,0,Primates,,,,,
3066,2532,31,Aotus miconax,0,Primates,,,,,
3067,2533,32,Aotus nancymaae,0,Primates,,,,,
3068,2534,33,Aotus nigriceps,1,Primates,Leishmaniasis - visceral,,https://www.sciencedirect.com/science/article/pii/S0304401709007390,Leishmania donovani,Host species not in GMPD; Zoonosis record no longer present in GIDEON
3069,2535,34,Aotus trivirgatus,1,Primates,Leishmaniasis - cutaneous,,www.ncbi.nlm.nih.gov/entrez/query.fcgi?cmd=retrieve&db=pubmed&dopt=abstract&list_uids=816214&otool=&holding=,Leishmania braziliensis,
3070,2536,35,Aotus trivirgatus,1,Primates,Leishmaniasis - mucocutaneous,,www.ncbi.nlm.nih.gov/entrez/query.fcgi?cmd=retrieve&db=pubmed&dopt=abstract&list_uids=816214&otool=&holding=,Leishmania braziliensis,
3071,2537,36,Aotus vociferans,0,Primates,,,,,
3072,2538,37,Arctocebus aureus,0,Primates,,,,,
3073,2539,38,Arctocebus calabarensis,0,Primates,,,,,
3074,2540,39,Ateles belzebuth,0,Primates,,,,,
3075,2541,40,Ateles chamek,0,Primates,,,,,
3076,2542,41,Ateles fusciceps,0,Primates,,,,,
3077,2543,42,Ateles geoffroyi,1,Primates,Echinococcosis - multilocular,,https://www.ncbi.nlm.nih.gov/pubmed/23113143?dopt=abstract,Echinococcus multilocularis,
3078,2544,43,Ateles hybridus,0,Primates,,,,,
3079,2545,44,Ateles marginatus,0,Primates,,,,,
3080,2546,45,Ateles paniscus,1,Primates,Leishmaniasis - cutaneous,,https://www.ncbi.nlm.nih.gov/pubmed/23272368?dopt=abstract,Leishmania amazoensis,
3081,2547,46,Avahi laniger,0,Primates,,,,,
3082,2548,47,Avahi occidentalis,0,Primates,,,,,
3083,2549,48,Avahi unicolor,0,Primates,,,,,
3084,2550,49,Brachyteles arachnoides,1,Primates,Toxoplasmosis,,https://www.ncbi.nlm.nih.gov/pubmed/24757733?dopt=abstract,Toxoplasma gondii,
3085,2551,50,Brachyteles hypoxanthus,0,Primates,,,,,
3086,2552,51,Bunopithecus hoolock,0,Primates,,,,,
3087,2553,52,Cacajao calvus,0,Primates,,,,,
3088,2554,53,Cacajao melanocephalus,0,Primates,,,,,
3089,2555,54,Callicebus baptista,0,Primates,,,,,
3090,2556,55,Callicebus barbarabrownae,0,Primates,,,,,
3091,2557,56,Callicebus bernhardi,0,Primates,,,,,
3092,2558,57,Callicebus brunneus,0,Primates,,,,,
3093,2559,58,Callicebus caligatus,0,Primates,,,,,
3094,2560,59,Callicebus cinerascens,0,Primates,,,,,
3095,2561,60,Callicebus coimbrai,0,Primates,,,,,
3096,2562,61,Callicebus cupreus,0,Primates,,,,,
3097,2563,62,Callicebus discolor,0,Primates,,,,,
3098,2564,63,Callicebus donacophilus,0,Primates,,,,,
3099,2565,64,Callicebus dubius,0,Primates,,,,,
3100,2566,65,Callicebus hoffmannsi,0,Primates,,,,,
3101,2567,66,Callicebus lucifer,0,Primates,,,,,
3102,2568,67,Callicebus lugens,0,Primates,,,,,
3103,2569,68,Callicebus medemi,0,Primates,,,,,
3104,2570,69,Callicebus melanochir,0,Primates,,,,,
3105,2571,70,Callicebus modestus,0,Primates,,,,,
3106,2572,71,Callicebus moloch,0,Primates,,,,,
3107,2573,72,Callicebus nigrifrons,1,Primates,Leishmaniasis - visceral,,https://www.sciencedirect.com/science/article/pii/S0304401709007390,Leishmania sp.,
3108,2574,73,Callicebus oenanthe,1,Primates,Bertiella and Inermicapsifer,,https://www.ncbi.nlm.nih.gov/pubmed/19414220?dopt=abstract,Bertiella sp.,
3109,2575,74,Callicebus olallae,0,Primates,,,,,
3110,2576,75,Callicebus ornatus,0,Primates,,,,,
3111,2577,76,Callicebus pallescens,0,Primates,,,,,
3112,2578,77,Callicebus personatus,0,Primates,,,,,
3113,2579,78,Callicebus purinus,0,Primates,,,,,
3114,2580,79,Callicebus regulus,0,Primates,,,,,
3115,2581,80,Callicebus stephennashi,0,Primates,,,,,
3116,2582,81,Callicebus torquatus,0,Primates,,,,,
3117,2583,82,Callimico goeldii,0,Primates,,,,,
3118,2584,83,Callithrix acariensis,0,Primates,,,,,
3119,2585,84,Callithrix argentata,0,Primates,,,,,
3120,2586,85,Callithrix aurita,0,Primates,,,,,
3121,2587,86,Callithrix chrysoleuca,0,Primates,,,,,
3122,2588,87,Callithrix emiliae,0,Primates,,,,,
3123,2589,88,Callithrix flaviceps,0,Primates,,,,,
3124,2590,90,Callithrix humeralifera,0,Primates,,,,,
3125,2591,91,Callithrix humilis,0,Primates,,,,,
3126,2592,92,Callithrix intermedia,0,Primates,,,,,
3127,2593,93,Callithrix jacchus,1,Primates,Gongylonemiasis,,https://www.ncbi.nlm.nih.gov/pubmed/8799930?dopt=abstract,Gongylonema pulchrum,
3128,2594,94,Callithrix jacchus,1,Primates,Rabies,,https://www.ncbi.nlm.nih.gov/pubmed/11747745?dopt=abstract,Lyssavirus Rabies lyssavirus,
3129,2595,95,Callithrix jacchus,1,Primates,Tularemia,,https://www.ncbi.nlm.nih.gov/pubmed/17306050?dopt=abstract,Francisella tularensis,
3130,2596,96,Callithrix kuhlii,0,Primates,,,,,
3131,2597,97,Callithrix leucippe,0,Primates,,,,,
3132,2598,98,Callithrix manicorensis,0,Primates,,,,,
3133,2599,99,Callithrix marcai,0,Primates,,,,,
3134,2600,100,Callithrix mauesi,0,Primates,,,,,
3135,2601,101,Callithrix melanura,0,Primates,,,,,
3136,2602,102,Callithrix nigriceps,0,Primates,,,,,
3137,2603,106,Callithrix penicillata,1,Primates,Toxoplasmosis,,https://www.ncbi.nlm.nih.gov/pubmed/24646216?dopt=abstract,Toxoplasma gondii,
3138,2604,107,Callithrix pygmaea,0,Primates,,,,,
3139,2605,108,Callithrix saterei,0,Primates,,,,,
3140,2606,109,Cebus albifrons,0,Primates,,,,,
3141,2607,110,Cebus apella,1,Primates,Leishmaniasis - cutaneous,Leishmania sp.,,,
3142,2608,111,Cebus apella,1,Primates,Leptospirosis,Leptospira sp.,,,
3143,2609,112,Cebus apella,1,Primates,Rabies,,https://www.ncbi.nlm.nih.gov/pubmed/22430558?dopt=abstract,Lyssavirus Rabies lyssavirus,
3144,2610,113,Cebus apella,1,Primates,Toxoplasmosis,,https://www.ncbi.nlm.nih.gov/pubmed/25676671?dopt=abstract,Toxoplasma gondii,reported as Sapajus apella
3145,2611,114,Cebus apella,1,Primates,Tuberculosis,Mycobacterium tuberculosis,GIDEON,,
3146,2612,115,Cebus apella,1,Primates,Vaccinia and cowpox,,https://www.ncbi.nlm.nih.gov/pubmed/20507750?dopt=abstract,Orthopoxvirus sp.,
3147,2613,116,Cebus apella,1,Primates,Yellow fever,Flavivirus Yellow fever virus,,,
3148,2614,117,Cebus capucinus,1,Primates,Tuberculosis,,https://www.ncbi.nlm.nih.gov/pubmed/24171848?dopt=abstract,Mycobacterium tuberculosis,
3149,2615,118,Cebus kaapori,0,Primates,,,,,
3150,2616,119,Cebus libidinosus,1,Primates,Toxoplasmosis,,https://www.ncbi.nlm.nih.gov/pubmed/25676671?dopt=abstract,Toxoplasma gondii,
3151,2617,120,Cebus nigritus,1,Primates,Rabies,,https://www.ncbi.nlm.nih.gov/pubmed/22430558?dopt=abstract,Lyssavirus Rabies lyssavirus,
3152,2618,121,Cebus olivaceus,0,Primates,,,,,
3153,2619,122,Cebus xanthosternos,1,Primates,Leishmaniasis - visceral,,https://www.sciencedirect.com/science/article/pii/S0304401709007390,Leishmania sp.,No record in GIDEON
3154,2620,124,Cercocebus atys,1,Primates,Monkeypox,,https://www.ncbi.nlm.nih.gov/pubmed/24857667?dopt=abstract,Orthopoxvirus Monkeypox virus,
3155,2621,125,Cercocebus atys,1,Primates,Tuberculosis,,https://www.ncbi.nlm.nih.gov/pubmed/25695685?dopt=abstract,Mycobacterium tuberculosis,
3156,2622,126,Cercocebus atys,1,Primates,West Nile fever,,https://www.ncbi.nlm.nih.gov/pubmed/17348299?dopt=abstract,Flavivirus West Nile virus,
3157,2623,130,Cercocebus torquatus,1,Primates,Trypanosomiasis - African,,Identification of trypanosomes in wild animals from southern Cameroon using the polymerase chain reaction (PCR),Trypanosoma brucei gambiense,
3158,2624,131,Cercopithecus albogularis,0,Primates,,,,,
3159,2625,132,Cercopithecus ascanius,1,Primates,Cryptosporidiosis,,Giardia sp. and Cryptosporidium sp. infections in primates in fragmented and undisturbed forest in western Uganda,Cryptosporidium sp.,
3160,2626,133,Cercopithecus ascanius,1,Primates,Giardiasis,,Giardia sp. and Cryptosporidium sp. infections in primates in fragmented and undisturbed forest in western Uganda,Giardia sp,
3161,2627,134,Cercopithecus campbelli,0,Primates,,,,,
3162,2628,135,Cercopithecus cephus,1,Primates,Bartonellosis - other systemic,,https://www.ncbi.nlm.nih.gov/pubmed/16318727?dopt=abstract,Bartonella quintana,
3163,2629,136,Cercopithecus cephus,1,Primates,Rickettsia felis infection,,https://www.ncbi.nlm.nih.gov/pubmed/16318727?dopt=abstract,Rickettsia felis,
3164,2630,137,Cercopithecus denti,0,Primates,,,,,
3165,2631,138,Cercopithecus diana,1,Primates,Echinococcosis - multilocular,,https://www.ncbi.nlm.nih.gov/pubmed/24780141?dopt=abstract,Echinococcus multilocularis,
3166,2632,139,Cercopithecus doggetti,0,Primates,,,,,
3167,2633,140,Cercopithecus dryas,0,Primates,,,,,
3168,2634,141,Cercopithecus erythrogaster,0,Primates,,,,,
3169,2635,142,Cercopithecus erythrotis,0,Primates,,,,,
3170,2636,143,Cercopithecus hamlyni,0,Primates,,,,,
3171,2637,144,Cercopithecus kandti,0,Primates,,,,,
3172,2638,145,Cercopithecus lhoesti,1,Primates,Oesophagostomiasis,Oesophagostomum sp.,,,
3173,2639,146,Cercopithecus lowei,0,Primates,,,,,
3174,2640,147,Cercopithecus mitis,1,Primates,Leishmaniasis - cutaneous,,https://www.ncbi.nlm.nih.gov/pubmed/18983806?dopt=abstract,Leishmania major,
3175,2641,148,Cercopithecus mona,0,Primates,,,,,
3176,2642,149,Cercopithecus neglectus,1,Primates,Balantidiasis,,https://www.ncbi.nlm.nih.gov/pubmed/12446101?dopt=abstract,Balantidium coli,
3177,2643,150,Cercopithecus neglectus,1,Primates,Herpes B infection,,https://www.ncbi.nlm.nih.gov/pubmed/11200573?dopt=abstract,Simplexvirus Human alphaherpesvirus 1,
3178,2644,151,Cercopithecus nictitans,1,Primates,Trypanosomiasis - African,Trypanosoma brucei,,,
3179,2645,152,Cercopithecus petaurista,0,Primates,,,,,
3180,2646,153,Cercopithecus pogonias,0,Primates,,,,,
3181,2647,154,Cercopithecus preussi,0,Primates,,,,,
3182,2648,155,Cercopithecus roloway,0,Primates,,,,,
3183,2649,156,Cercopithecus sclateri,0,Primates,,,,,
3184,2650,157,Cercopithecus solatus,0,Primates,,,,,
3185,2651,158,Cercopithecus wolfi,0,Primates,,,,,
3186,2652,159,Cheirogaleus adipicaudatus,0,Primates,,,,,
3187,2653,160,Cheirogaleus crossleyi,0,Primates,,,,,
3188,2654,161,Cheirogaleus major,0,Primates,,,,,
3189,2655,162,Cheirogaleus medius,0,Primates,,,,,
3190,2656,163,Cheirogaleus minusculus,0,Primates,,,,,
3191,2657,164,Cheirogaleus ravus,0,Primates,,,,,
3192,2658,165,Cheirogaleus sibreei,0,Primates,,,,,
3193,2659,166,Chiropotes albinasus,0,Primates,,,,,
3194,2660,167,Chiropotes chiropotes,1,Primates,Leishmaniasis - cutaneous,,,,Not reported in GIDEON in this host species
3195,2661,168,Chiropotes israelita,0,Primates,,,,,
3196,2662,169,Chiropotes satanas,0,Primates,,,,,
3197,2663,170,Chiropotes utahickae,0,Primates,,,,,
3198,2664,171,Chlorocebus aethiops,1,Primates,Leishmaniasis - cutaneous,,https://www.ncbi.nlm.nih.gov/pubmed/18983806?dopt=abstract,Leishmania major,
3199,2665,172,Chlorocebus aethiops,1,Primates,Tularemia,,https://www.ncbi.nlm.nih.gov/pubmed/19407096?dopt=abstract,Francisella tularensis,
3200,2666,173,Chlorocebus aethiops,1,Primates,Yersiniosis,,https://www.ncbi.nlm.nih.gov/pubmed/24210021?dopt=abstract,Yersinia enterocolitica,
3201,2667,174,Chlorocebus cynosuros,0,Primates,,,,,
3202,2668,175,Chlorocebus djamdjamensis,0,Primates,,,,,
3203,2669,176,Chlorocebus pygerythrus,1,Primates,Tuberculosis,,https://www.ncbi.nlm.nih.gov/pubmed/24171848?dopt=abstract,Mycobacterium tuberculosis,
3204,2670,177,Chlorocebus sabaeus,1,Primates,Toxoplasmosis,,https://www.ncbi.nlm.nih.gov/pubmed/25491011?dopt=abstract,Toxoplasma gondii,
3205,2671,178,Chlorocebus sabaeus,1,Primates,Yersiniosis,,https://www.ncbi.nlm.nih.gov/pubmed/24210021?dopt=abstract,Yersinia enterocolitica,
3206,2672,179,Chlorocebus tantalus,0,Primates,,,,,
3207,2673,180,Colobus angolensis,0,Primates,,,,,
3208,2674,183,Colobus guereza,1,Primates,Listeriosis,,https://www.ncbi.nlm.nih.gov/pubmed/12585602?dopt=abstract,Listeria monocytogenes ,
3209,2675,184,Colobus polykomos,0,Primates,,,,,
3210,2676,185,Colobus satanas,0,Primates,,,,,
3211,2677,186,Colobus vellerosus,0,Primates,,,,,
3212,2678,187,Daubentonia madagascariensis,0,Primates,,,,,
3213,2679,188,Erythrocebus patas,1,Primates,Crimean-Congo hemorrhagic fever,,https://www.ncbi.nlm.nih.gov/pubmed/16562748?dopt=abstract,Nairovirus Crimean-Congo hemorrhagic fever nairovirus,
3214,2680,190,Erythrocebus patas,1,Primates,Tularemia,,https://www.ncbi.nlm.nih.gov/pubmed/19407096?dopt=abstract,Francisella tularensis,
3215,2681,191,Erythrocebus patas,1,Primates,Zika,,,Zika virus,
3216,2682,192,Eulemur albifrons,1,Primates,Baylisascariasis,,https://www.ncbi.nlm.nih.gov/pubmed/25936436?dopt=abstract,Baylisascaris procyonis,
3217,2683,193,Eulemur albifrons,1,Primates,Toxoplasmosis,,https://www.ncbi.nlm.nih.gov/pubmed/19110698?dopt=abstract,Toxoplasma gondii,
3218,2684,194,Eulemur albocollaris,0,Primates,,,,,
3219,2685,195,Eulemur cinereiceps,0,Primates,,,,,
3220,2686,196,Eulemur collaris,0,Primates,,,,,
3221,2687,197,Eulemur coronatus,0,Primates,,,,,
3222,2688,198,Eulemur fulvus,1,Primates,Toxoplasmosis,,https://www.ncbi.nlm.nih.gov/pubmed/19110698?dopt=abstract,Toxoplasma gondii,
7118,2689,199,Eulemur macaco,1,Primates,Gongylonemiasis,,http://journals.sagepub.com/doi/full/10.1354/vp.08-VP-0154-R-FL,Gongylonema pulchrum,
3223,2690,200,Eulemur macaco,1,Primates,Toxoplasmosis,Toxoplasma gondii,,,
3224,2691,201,Eulemur mongoz,0,Primates,,,,,
3225,2692,202,Eulemur rubriventer,0,Primates,,,,,
3226,2693,204,Eulemur sanfordi,0,Primates,,,,,
3227,2694,205,Euoticus elegantulus,0,Primates,,,,,
3228,2695,206,Euoticus pallidus,0,Primates,,,,,
3229,2696,207,Galago alleni,0,Primates,,,,,
3230,2697,208,Galago cameronensis,0,Primates,,,,,
3231,2698,209,Galago demidoff,0,Primates,,,,,
3232,2699,210,Galago gabonensis,0,Primates,,,,,
3233,2700,211,Galago gallarum,0,Primates,,,,,
3234,2701,212,Galago granti,0,Primates,,,,,
3235,2702,213,Galago matschiei,0,Primates,,,,,
3236,2703,214,Galago moholi,0,Primates,,,,,
3237,2704,215,Galago nyasae,0,Primates,,,,,
3238,2705,216,Galago orinus,0,Primates,,,,,
3239,2706,217,Galago rondoensis,0,Primates,,,,,
3240,2707,218,Galago senegalensis,0,Primates,,,,,
3241,2708,219,Galago thomasi,0,Primates,,,,,
3242,2709,220,Galago zanzibaricus,0,Primates,,,,,
3243,2710,221,Gorilla beringei,1,Primates,Balantidiasis,,https://www.ncbi.nlm.nih.gov/pubmed/24502743?dopt=abstract,Balantidium coli,
3244,2711,222,Gorilla beringei,1,Primates,Cryptosporidiosis,Cryptosporidium parvum,,,
3245,2712,224,Gorilla beringei,1,Primates,Microsporidiosis,,"Diversity of microsporidia, Cryptosporidium and Giardia in mountain gorillas (Gorilla beringei beringei) in Volcanoes National Park, Rwanda",Enterocytozoon bieneusi and Encephalitozoon cuniculi,
3246,2713,225,Gorilla beringei,1,Primates,Oesophagostomiasis,,Nodular worm infection in wild chimpanzees in Western Uganda: a risk for human health?,Oesophagostomum spp.,
3247,2714,226,Gorilla gorilla,1,Primates,Anthrax,,https://www.ncbi.nlm.nih.gov/pubmed/16900500?dopt=abstract,Bacillus anthracis,
3248,2715,227,Gorilla gorilla,1,Primates,Balantidiasis,Balantidium coli,,,
3249,2716,228,Gorilla gorilla,1,Primates,Cryptosporidiosis,,"Nizeyi, John Bosco, et al. ""Cryptosporidium sp. and Giardia sp. infections in mountain gorillas (Gorilla gorilla beringei) of the Bwindi Impenetrable National Park, Uganda."" The Journal of parasitology (1999): 1084-1088",Cryptosporidium sp.,
3250,2717,229,Gorilla gorilla,1,Primates,Dientamoeba fragilis infection,,Dientamoeba fragilis: initial evidence of pathogenicity in the western lowland gorilla (Gorilla gorilla gorilla),Dientamoeba fragilis,
3251,2718,230,Gorilla gorilla,1,Primates,Ebola,Zaire ebolavirus,,,
3252,2719,231,Gorilla gorilla,1,Primates,Giardiasis,Giardia sp.,,,
3253,2720,232,Gorilla gorilla,1,Primates,Hepatitis B,,"Lyons, Sinead, et al. ""Species association of hepatitis B virus (HBV) in non-human apes; evidence for recombination between gorilla and chimpanzee variants."" PloS one 7.3 (2012): e33430",hepatitis B virus,
3254,2721,233,Gorilla gorilla,1,Primates,Microsporidiosis,,"Sak, Bohumil, et al. ""Long-term monitoring of microsporidia, Cryptosporidium and Giardia infections in western Lowland Gorillas (Gorilla gorilla gorilla) at different stages of habituation in Dzanga Sangha Protected Areas, Central African Republic."" PloS one 8.8 (2013): e71840",Encephalitozoon cuniculi and Enterocytozoon bieneusi,
3255,2722,236,Hapalemur alaotrensis,0,Primates,,,,,
3256,2723,237,Hapalemur aureus,0,Primates,,,,,
3257,2724,238,Hapalemur griseus,0,Primates,,,,,
3258,2725,239,Hapalemur occidentalis,0,Primates,,,,,
3259,2726,240,Hylobates agilis,0,Primates,,,,,
3260,2727,241,Hylobates albibarbis,0,Primates,,,,,
3261,2728,242,Hylobates klossii,0,Primates,,,,,
3262,2729,243,Hylobates lar,1,Primates,Angiostrongyliasis,,https://www.ncbi.nlm.nih.gov/pmc/articles/PMC3323381/,Angiostrongylus cantonensis,
3263,2730,244,Hylobates lar,1,Primates,Balantidiasis,Balantidium coli,,,
3264,2731,245,Hylobates moloch,0,Primates,,,,,
3265,2732,246,Hylobates muelleri,0,Primates,,,,,
3266,2733,247,Hylobates pileatus,1,Primates,Hepatitis B,,"Sall, A. A., et al. ""Frequent infection of Hylobates pileatus (pileated gibbon) with species-associated variants of hepatitis B virus in Cambodia."" Journal of general virology 86.2 (2005): 333-337",hepatitis B virus,
3267,2734,249,Lagothrix cana,0,Primates,,,,,
3268,2735,250,Lagothrix lagotricha,1,Primates,Hepatitis B,,"Lyons, Sinead, et al. ""Species association of hepatitis B virus (HBV) in non-human apes; evidence for recombination between gorilla and chimpanzee variants."" PloS one 7.3 (2012): e33430",hepatitis B virus,
3269,2736,251,Lagothrix lagotricha,1,Primates,Toxoplasmosis,,Outbreak of toxoplasmosis in Lagothrix lagotricha,Toxoplasma gondii,
3270,2737,252,Lagothrix lugens,0,Primates,,,,,
3271,2738,253,Lagothrix poeppigii,0,Primates,,,,,
3272,2739,254,Lemur catta,1,Primates,Capillariasis - extraintestinal,,https://www.ncbi.nlm.nih.gov/pubmed/22779256?dopt=abstract,Capillaria sp.,
3273,2740,255,Lemur catta,1,Primates,Echinococcosis - multilocular,,Echinococcus multilocularis infection of a ring-tailed lemur (Lemur catta) and a nutria (Myocastor coypus) in a French zoo,Echinococcus multilocularis,
3274,2741,256,Lemur catta,1,Primates,Ehrlichiosis - human monocytic,,Naturally occurring Ehrlichia chaffeensis infection in two prosimian primate species: ring-tailed lemurs (Lemur catta) and ruffed lemurs (Varecia variegata),Ehrlichia chaffeensis,
3275,2742,257,Lemur catta,1,Primates,Giardiasis,,Giardia duodenalis assemblages and Entamoeba species infecting non-human primates in an Italian zoological garden: zoonotic potential and management traits,Giardia duodenalis,
3276,2743,258,Lemur catta,1,Primates,Hymenolepis nana infection,,"Mebendazole in the treatment of Hymenolepis nana infections in the captive ring-tailed lemur (Lemur catta), China",Hymenolepis nana,
3277,2744,259,Lemur catta,1,Primates,Toxoplasmosis,,"A multiclinic double-blind, comparative clinical trial on misoprostol in the treatment of duodenal ulcer",Toxoplasma gondii,
3278,2745,260,Lemur catta,1,Primates,Trypanosomiasis - American,,"Trypanosoma cruzi infection of free-ranging lion-tailed macaques (Macaca silenus) and ring-tailed lemurs (Lemur catta) on St. Catherine's Island, Georgia, USA",Trypanosoma cruzi,
3279,2746,261,Lemur catta,1,Primates,West Nile fever,,"Assessing flavivirus, lentivirus, and herpesvirus exposure in free-ranging ring-tailed lemurs in southwestern Madagascar",West Nile virus,
3280,2747,263,Leontopithecus chrysomelas,0,Primates,,,,,
3281,2748,264,Leontopithecus chrysopygus,0,Primates,,,,,
3282,2749,265,Leontopithecus rosalia,0,Primates,,,,,
3283,2750,266,Lepilemur ankaranensis,0,Primates,,,,,
3284,2751,267,Lepilemur dorsalis,0,Primates,,,,,
3285,2752,268,Lepilemur edwardsi,0,Primates,,,,,
3286,2753,269,Lepilemur leucopus,0,Primates,,,,,
3287,2754,270,Lepilemur microdon,0,Primates,,,,,
3288,2755,271,Lepilemur mustelinus,0,Primates,,,,,
3289,2756,272,Lepilemur ruficaudatus,0,Primates,,,,,
3290,2757,273,Lepilemur septentrionalis,0,Primates,,,,,
3291,2758,274,Lophocebus albigena,0,Primates,,,,,
3292,2759,275,Lophocebus aterrimus,0,Primates,,,,,
3293,2760,276,Lophocebus opdenboschi,0,Primates,,,,,
3294,2761,277,Loris lydekkerianus,0,Primates,,,,,
3295,2762,278,Loris tardigradus,0,Primates,,,,,
3296,2763,279,Macaca arctoides,1,Primates,Herpes B infection,,,,
3297,2764,280,Macaca arctoides,1,Primates,Melioidosis,,Melioidosis in imported non-human primates,Burkholderia pseudomallei ,
3298,2765,281,Macaca assamensis,0,Primates,,,,,
3299,2766,282,Macaca cyclopis,1,Primates,Herpes B infection,,,Herpesvirus,
3300,2767,283,Macaca fascicularis,1,Primates,Bartonellosis - other systemic,,https://www.ncbi.nlm.nih.gov/pmc/articles/PMC3322082/,Bartonella quintana,
3301,2768,285,Macaca fascicularis,1,Primates,Chikungunya,,Distribution of three arbovirus antibodies among monkeys (Macaca fascicularis) in the Philippines,chikungunya virus,
,,,Macaca fascicularis,1,Primates,Cryptosporidiosis,,Molecular detection and prevalence of Giardia duodenalis and Cryptosporidium spp. among long-tailed macaques (Macaca fascicularis) in Thailand,Cryptosporidium spp.,
3302,2769,286,Macaca fascicularis,1,Primates,Cyclosporiasis,,Detection of Cyclospora in captive chimpanzees and macaques by a quantitative PCR-based mutation scanning approach,Cyclospora sp.,
3303,2770,287,Macaca fascicularis,1,Primates,Dengue,,,Dengue virus,
3304,2771,288,Macaca fascicularis,1,Primates,Ebola,,Ebola (subtype Reston) virus among quarantined nonhuman primates recently imported from the Philippines to the United States,Reston virus,
3305,2772,289,Macaca fascicularis,1,Primates,Giardiasis,,Molecular detection and prevalence of Giardia duodenalis and Cryptosporidium spp. among long-tailed macaques (Macaca fascicularis) in Thailand,Giardia duodenalis,
3306,2773,290,Macaca fascicularis,1,Primates,Hepatitis B,,Discovery of naturally occurring transmissible chronic hepatitis B virus infection among Macaca fascicularis from Mauritius Island,Hepatitis B virus,
3307,2774,291,Macaca fascicularis,1,Primates,Herpes B infection,,"Macacine Herpesvirus 1 in Long-Tailed Macaques, Malaysia, 2009-2011",Herpesvirus 1,
3308,2775,292,Macaca fascicularis,1,Primates,Influenza,,,Influenza virus,
3309,2776,293,Macaca fascicularis,1,Primates,Japanese encephalitis,,Distribution of three arbovirus antibodies among monkeys (Macaca fascicularis) in the Philippines,Japanese encephalitis virus,
3310,2777,294,Macaca fascicularis,1,Primates,Malaria,,"Plasmodium vivax seroprevalence in bred cynomolgus monkeys, China",Plasmodium vivax,
3311,2778,295,Macaca fascicularis,1,Primates,Melioidosis,,"Dance, D. A., et al. ""An outbreak of melioidosis in imported primates in Britain."" The Veterinary record 130.24 (1992): 525-529",Burkholderia pseudomallei,
3312,2779,296,Macaca fascicularis,1,Primates,Microsporidiosis,,"Occurrence of human-pathogenic Enterocytozoon bieneusi, Giardia duodenalis and Cryptosporidium genotypes in laboratory macaques in Guangxi, China",Enterocytozoon bieneusi,
3313,2780,297,Macaca fascicularis,1,Primates,Toxoplasmosis,,Seroprevalence of Toxoplasma gondii in bred cynomolgus monkeys ( Macaca fascicularis ) in China,Toxoplasma gondii,
3314,2781,298,Macaca fascicularis,1,Primates,Tuberculosis,,Outbreak of Mycobacterium bovis in a conditioned colony of rhesus (Macaca mulatta) and cynomolgus (Macaca fascicularis) macaques,Mycobacterium bovis,
3315,2782,299,Macaca fascicularis,1,Primates,Tularemia,,"Mätz-Rensing, K., et al. ""Epizootic of tularemia in an outdoor housed group of cynomolgus monkeys (Macaca fascicularis)."" Veterinary pathology 44.3 (2007): 327-334",Francisella tularensis,
3316,2783,300,Macaca fuscata,1,Primates,Balantidiasis,,https://www.ncbi.nlm.nih.gov/pubmed/10027167?dopt=abstract,Balantidium coli,
3317,2784,301,Macaca fuscata,1,Primates,Echinococcosis - multilocular,Echinococcus multilocularis,,,
3318,2785,302,Macaca fuscata,1,Primates,Gongylonemiasis,Gongylonema sp.,,,
3319,2786,303,Macaca fuscata,1,Primates,Herpes B infection,,,Herpes B virus,
3320,2787,304,Macaca fuscata,1,Primates,Japanese encephalitis,,Seroprevalence of Japanese encephalitis virus infection in captive Japanese macaques (Macaca fuscata),Japanese encephalitis virus,
3321,2788,305,Macaca fuscata,1,Primates,Strongyloidiasis,Strongyloides sp.,,,
3322,2789,306,Macaca hecki,0,Primates,,,,,
3323,2790,307,Macaca leonina,1,Primates,Chikungunya,,"Dengue, Japanese encephalitis and Chikungunya virus antibody prevalence among captive monkey (Macaca nemestrina) colonies of Northern Thailand",Chikungunya virus,
3324,2791,308,Macaca leonina,1,Primates,Dengue,,"Dengue, Japanese encephalitis and Chikungunya virus antibody prevalence among captive monkey (Macaca nemestrina) colonies of Northern Thailand",Dengue virus,
3325,2792,309,Macaca leonina,1,Primates,Japanese encephalitis,,"Dengue, Japanese encephalitis and Chikungunya virus antibody prevalence among captive monkey (Macaca nemestrina) colonies of Northern Thailand",Japanese encephalitis virus,
3326,2793,310,Macaca maura,0,Primates,,,,,
3327,2794,311,Macaca mulatta,1,Primates,Balantidiasis,,https://www.ncbi.nlm.nih.gov/pubmed/25642269?dopt=abstract,Balantidium coli,
3328,2795,312,Macaca mulatta,1,Primates,Bartonellosis - other systemic,,https://www.ncbi.nlm.nih.gov/pmc/articles/PMC3367614/,Bartonella quintana,
3329,2796,313,Macaca mulatta,1,Primates,Cryptosporidiosis,,"Anthroponotic enteric parasites in monkeys in public park, China",Cryptosporidium spp.,
3330,2797,314,Macaca mulatta,1,Primates,Giardiasis,,"Anthroponotic enteric parasites in monkeys in public park, China",Giardia duodenalis,
3331,2798,315,Macaca mulatta,1,Primates,Hepatitis E,,"Seroepidemiology and molecular characterization of hepatitis E Virus in Macaca mulatta from a village in Yunnan, China, where infection with this virus is endemic",hepatitis E Virus,
3332,2799,316,Macaca mulatta,1,Primates,Herpes B infection,,"B-virus and free-ranging macaques, Puerto Rico",Herpes B virus,
3333,2800,318,Macaca mulatta,1,Primates,Listeriosis,,Meningoencephalitis due to Listeria monocytogenes in a pregnant rhesus macaque (Macaca mulatta),Listeria monocytogenes,
3334,2801,319,Macaca mulatta,1,Primates,Melioidosis,,Melioidosis in imported non-human primates,Burkholderia pseudomallei,
3335,2802,320,Macaca mulatta,1,Primates,Microsporidiosis,,"Anthroponotic enteric parasites in monkeys in public park, China",Enterocytozoon bieneusi,
3336,2803,321,Macaca mulatta,1,Primates,Trypanosomiasis - American,,Chagas disease in 2 geriatric rhesus macaques (Macaca mulatta) housed in the Pacific Northwest,Trypanosoma cruzi,
3337,2804,322,Macaca mulatta,1,Primates,Tuberculosis,,"Human Tuberculosis Caused by Mycobacterium bovis in the United States, 2006-2013",Mycobacterium bovis,
3338,2805,323,Macaca mulatta,1,Primates,Tularemia,,"Ferrecchia, Christie E., et al. ""An outbreak of tularemia in a colony of outdoor-housed rhesus macaques (Macaca mulatta)."" Comparative medicine 62.4 (2012): 316-321",Francisella tularensis,
3339,2806,324,Macaca mulatta,1,Primates,West Nile fever,,"West Nile virus infection in nonhuman primate breeding colony, concurrent with human epidemic, southern Louisiana",West Nile virus,
3340,2807,325,Macaca nemestrina,1,Primates,Chikungunya,,"Dengue, Japanese encephalitis and Chikungunya virus antibody prevalence among captive monkey (Macaca nemestrina) colonies of Northern Thailand",Chikungunya virus,
3341,2808,326,Macaca nemestrina,1,Primates,Dengue,,"Dengue, Japanese encephalitis and Chikungunya virus antibody prevalence among captive monkey (Macaca nemestrina) colonies of Northern Thailand",Dengue virus,
3342,2809,327,Macaca nemestrina,1,Primates,Japanese encephalitis,,"Dengue, Japanese encephalitis and Chikungunya virus antibody prevalence among captive monkey (Macaca nemestrina) colonies of Northern Thailand",Japanese encephalitis virus,
3343,2810,328,Macaca nemestrina,1,Primates,Melioidosis,,Melioidosis in imported non-human primates,Burkholderia pseudomallei ,
3344,2811,329,Macaca nemestrina,1,Primates,West Nile fever,,"West Nile virus infection in nonhuman primate breeding colony, concurrent with human epidemic, southern Louisiana",West Nile virus,
3345,2812,330,Macaca nigra,1,Primates,Echinococcosis - multilocular,,First detection of Echinococcus multilocularis infection in two species of nonhuman primates raised in a zoo: a fatal case in Cercopithecus diana and a strongly suspected case of spontaneous recovery in Macaca nigra,Echinococcus multilocularis,
3346,2813,331,Macaca nigrescens,0,Primates,,,,,
3347,2814,332,Macaca ochreata,0,Primates,,,,,
3348,2815,333,Macaca pagensis,0,Primates,,,,,
3349,2816,334,Macaca radiata,1,Primates,Herpes B infection,,,Herpesvirus simiae,
3350,2817,335,Macaca radiata,1,Primates,Kyasanur Forest disease,Tick-borne encephalitis virus,,,
3351,2818,336,Macaca siberu,0,Primates,,,,,
3352,2819,337,Macaca silenus,1,Primates,Trypanosomiasis - American,,Chagas disease in 2 geriatric rhesus macaques (Macaca mulatta) housed in the Pacific Northwest,Trypanosoma cruzi,
3353,2820,338,Macaca sinica,1,Primates,Bunyaviridae infections - misc.,Orthobunyavirus Bunyamwera orthobunyavirus,https://www.ncbi.nlm.nih.gov/pubmed/8230174?dopt=abstract,,
3354,2821,339,Macaca sinica,1,Primates,Chandipura and Vesicular stomatitis viruses,,"Seroepidemiology of dengue and other arboviruses in a natural population of toque macaques (Macaca sinica) at Polonnaruwa, Sri Lanka",Chandipura virus,
3355,2822,340,Macaca sinica,1,Primates,Dengue,,"Seroepidemiology of dengue and other arboviruses in a natural population of toque macaques (Macaca sinica) at Polonnaruwa, Sri Lanka",Dengue virus,
3356,2823,342,Macaca sylvanus,1,Primates,Tick-borne encephalitis,Tick-borne encephalitis virus,,,
3357,2824,343,Macaca sylvanus,1,Primates,Vaccinia and cowpox,,"Martina, Byron EE, et al. ""Cowpox virus transmission from rats to monkeys, the Netherlands."" Emerging infectious diseases12.6 (2006): 1005",Cowpox virus,
3358,2825,344,Macaca sylvanus,1,Primates,West Nile fever,,West Nile virus encephalitis in a Barbary macaque (Macaca sylvanus),West Nile virus,
3359,2826,345,Macaca thibetana,0,Primates,,,,,
3360,2827,346,Macaca tonkeana,0,Primates,,,,,
3361,2828,347,Mandrillus leucophaeus,1,Primates,Paragonimiasis,Paragonimus africanus,"A primate, Mandrillus leucophaeus, as natural host of the African lung fluke Paragonimus africanus in West-Cameroon",,
3362,2829,350,Mandrillus sphinx,1,Primates,West Nile fever,,Prevalence of antibodies to alphaviruses and flaviviruses in free-ranging game animals and nonhuman primates in the greater Congo basin,West Nile virus,
3363,2830,351,Mandrillus sphinx,1,Primates,Yellow fever,,Prevalence of antibodies to alphaviruses and flaviviruses in free-ranging game animals and nonhuman primates in the greater Congo basin,yellow fever virus,
3364,2831,360,Miopithecus ogouensis,0,Primates,,,,,
3365,2832,361,Miopithecus talapoin,0,Primates,,,,,
3366,2833,363,Nasalis larvatus,0,Primates,,,,,
3367,2834,364,Nomascus concolor,0,Primates,,,,,
3368,2835,365,Nomascus gabriellae,0,Primates,,,,,
3369,2836,366,Nomascus hainanus,0,Primates,,,,,
3370,2837,367,Nomascus leucogenys,0,Primates,,,,,
3371,2838,368,Nomascus siki,0,Primates,,,,,
3372,2839,369,Nycticebus bengalensis,0,Primates,,,,,
3373,2840,370,Nycticebus coucang,0,Primates,,,,,
3374,2841,371,Nycticebus pygmaeus,0,Primates,,,,,
3375,2842,372,Oreonax flavicauda,0,Primates,,,,,
3376,2843,373,Otolemur crassicaudatus,0,Primates,,,,,
3377,2844,374,Otolemur garnettii,0,Primates,,,,,
3378,2845,375,Otolemur monteiri,0,Primates,,,,,
3379,2846,376,Pan paniscus,0,Primates,,,,,
3380,2847,377,Pan troglodytes,1,Primates,Anthrax,,https://www.ncbi.nlm.nih.gov/pubmed/16900500?dopt=abstract,Bacillus anthracis,
3381,2848,378,Pan troglodytes,1,Primates,Ascariasis,Ascaris lumbricoides,,,
3382,2849,379,Pan troglodytes,1,Primates,Balantidiasis,Balantidium coli,,,
3383,2850,380,Pan troglodytes,1,Primates,Bertiella and Inermicapsifer,Bertiella studeri,,,
3384,2851,381,Pan troglodytes,1,Primates,Cryptosporidiosis,,https://www.ncbi.nlm.nih.gov/pubmed/25612000,Cryptosporidium,
3385,2852,382,Pan troglodytes,1,Primates,Cyclosporiasis,Cyclospora sp.,,,
3386,2853,383,Pan troglodytes,1,Primates,Giardiasis,Giardia sp.,,,
3387,2854,384,Pan troglodytes,1,Primates,Hepatitis B,,https://www.ncbi.nlm.nih.gov/pmc/articles/PMC4448699,hepatitis B virus,
3388,2855,385,Pan troglodytes,1,Primates,Hymenolepis diminuta infection,Hymenolepis sp.,,,
3389,2856,386,Pan troglodytes,1,Primates,Melioidosis,,Melioidosis in imported non-human primates,Burkholderia pseudomallei,
3390,2857,387,Pan troglodytes,1,Primates,Oesophagostomiasis,Oesophagostomum sp.,,,
3391,2858,388,Papio anubis,1,Primates,Ascariasis,,www.ncbi.nlm.nih.gov/entrez/query.fcgi?cmd=retrieve&db=pubmed&dopt=abstract&list_uids=24235920&otool=&holding=,Ascaris lumbricoides,
3392,2859,389,Papio anubis,1,Primates,Balantidiasis,Balantidium coli,,,
3393,2860,390,Papio anubis,1,Primates,Cryptosporidiosis,Cryptosporidium sp.,,,
3394,2861,391,Papio anubis,1,Primates,Hymenolepis nana infection,Hymenolepis sp.,,,
3395,2862,392,Papio anubis,1,Primates,Leishmaniasis - cutaneous,,Prevalence of antibodies and cell mediated immune response against Leishmania major in feral nonhuman primates from Kenya,Leishmania major,
3396,2863,393,Papio anubis,1,Primates,Oesophagostomiasis,Oesophagostomum sp.,,,
3397,2864,394,Papio anubis,1,Primates,Schistosomiasis - mansoni,Schistosoma sp.,,,
3398,2865,395,Papio anubis,1,Primates,Strongyloidiasis,Strongyloides sp.,,,
3399,2866,396,Papio cynocephalus,1,Primates,Balantidiasis,Balantidium coli,,,
3400,2867,397,Papio cynocephalus,1,Primates,Bertiella and Inermicapsifer,Bertiella studeri,,,
3401,2868,398,Papio cynocephalus,1,Primates,Leishmaniasis - cutaneous,,Prevalence of antibodies and cell mediated immune response against Leishmania major in feral nonhuman primates from Kenya,Leishmania major,
3402,2869,399,Papio cynocephalus,1,Primates,Schistosomiasis - mansoni,Schistosoma sp.,,,
3403,2870,400,Papio hamadryas,1,Primates,Schistosomiasis - mansoni,Schistosoma mansoni,,,
3404,2871,401,Papio papio,1,Primates,Ascariasis,Ascaris spp.,,,
3405,2872,402,Papio papio,1,Primates,Balantidiasis,Balantidium coli,,,
3406,2873,407,Papio ursinus,1,Primates,Bertiella and Inermicapsifer,Bertiella studeri,,,
3407,2874,409,Papio ursinus,1,Primates,Hepatitis B,Hepatitis B virus,,,
3408,2875,410,Papio ursinus,1,Primates,Oesophagostomiasis,Oesophagostomum sp.,,,
3409,2876,413,Papio ursinus,1,Primates,Strongyloidiasis,Strongyloides sp.,,,
3410,2877,414,Papio ursinus,1,Primates,Tuberculosis,,,Mycobacterium tuberculosis,
3411,2878,416,Perodicticus potto,0,Primates,,,,,
3412,2879,417,Phaner electromontis,0,Primates,,,,,
3413,2880,418,Phaner furcifer,0,Primates,,,,,
3414,2881,419,Phaner pallescens,0,Primates,,,,,
3415,2882,420,Phaner parienti,0,Primates,,,,,
3416,2883,421,Piliocolobus badius,0,Primates,,,,,
3417,2884,422,Piliocolobus foai,0,Primates,,,,,
3418,2885,423,Piliocolobus gordonorum,0,Primates,,,,,
3419,2886,424,Piliocolobus kirkii,0,Primates,,,,,
3420,2887,425,Piliocolobus pennantii,0,Primates,,,,,
3421,2888,426,Piliocolobus preussi,0,Primates,,,,,
3422,2889,427,Piliocolobus rufomitratus,0,Primates,,,,,
3423,2890,428,Piliocolobus tephrosceles,0,Primates,,,,,
3424,2891,429,Piliocolobus tholloni,0,Primates,,,,,
3425,2892,430,Pithecia aequatorialis,0,Primates,,,,,
3426,2893,431,Pithecia albicans,0,Primates,,,,,
3427,2894,432,Pithecia irrorata,1,Primates,Leishmaniasis - visceral,,https://www.ncbi.nlm.nih.gov/pubmed/20056328,Leishmania sp.,
3428,2895,433,Pithecia monachus,0,Primates,,,,,
7119,2897,436,Pithecia pithecia,1,Primates,Malaria,,https://www.ncbi.nlm.nih.gov/pubmed/10726261,Plasmodium brasilianum,
3429,2896,435,Pithecia pithecia,1,Primates,Mayaro,,"Mayaro virus in wild mammals, French Guiana",Mayaro virus,
3430,2898,437,Pithecia pithecia,1,Primates,Yellow fever,,,Yellow fever virus,
3431,2899,438,Pongo abelii,0,Primates,,,,,
3432,2900,439,Pongo pygmaeus,1,Primates,Balantidiasis,Balantidium coli,,,
3433,2901,441,Pongo pygmaeus,1,Primates,Campylobacteriosis,,https://www.ncbi.nlm.nih.gov/pubmed/7942349?dopt=abstract,Campylobacter sp.,
,,,Pongo pygmaeus,1,Primates,Cryptosporidiosis,,"Mynářová, Anna, et al. ""Prevalence of Cryptosporidium spp., Enterocytozoon bieneusi, Encephalitozoon spp. and Giardia intestinalis in wild, semi-wild and captive orangutans (Pongo abelii and Pongo pygmaeus) on Sumatra and Borneo, Indonesia."" PloS one 11.3 (2016): e0152771",Cryptosporidium ,
,,,Pongo pygmaeus,1,Primates,Giardiasis,,"Mynářová, Anna, et al. ""Prevalence of Cryptosporidium spp., Enterocytozoon bieneusi, Encephalitozoon spp. and Giardia intestinalis in wild, semi-wild and captive orangutans (Pongo abelii and Pongo pygmaeus) on Sumatra and Borneo, Indonesia."" PloS one 11.3 (2016): e0152771",Giardia intestinalis ,
3434,2902,442,Pongo pygmaeus,1,Primates,Ebola,,Serological evidence of Ebola virus infection in Indonesian orangutans,Ebola virus ,
3435,2903,443,Pongo pygmaeus,1,Primates,Hepatitis B,,https://www.ncbi.nlm.nih.gov/pmc/articles/PMC4069295/,Hepatitis B virus,
3436,2904,444,Pongo pygmaeus,1,Primates,Marburg virus disease,,Serological evidence of Ebola virus infection in Indonesian orangutans,Marburg virus,
3437,2905,445,Pongo pygmaeus,1,Primates,Strongyloidiasis,,Strongyloides fuelleborni,"Parasites found from the feces of Bornean orangutans in Danum Valley, Sabah, Malaysia, with a redescription of Pongobius hugoti and the description of a new species of Pongobius (Nematoda: Oxyuridae)",
3438,2906,446,Pongo pygmaeus,1,Primates,Tularemia,,Tularemia type A in captive Bornean orangutans (Pongo pygmaeus pygmaeus),Francisella tularensis ,
3439,2907,447,Presbytis chrysomelas,0,Primates,,,,,
3440,2908,448,Presbytis comata,0,Primates,,,,,
3441,2909,449,Presbytis femoralis,0,Primates,,,,,
3442,2910,450,Presbytis frontata,0,Primates,,,,,
3443,2911,451,Presbytis hosei,0,Primates,,,,,
3444,2912,452,Presbytis melalophos,0,Primates,,,,,
3445,2913,453,Presbytis natunae,0,Primates,,,,,
3446,2914,454,Presbytis potenziani,0,Primates,,,,,
3447,2915,455,Presbytis rubicunda,0,Primates,,,,,
3448,2916,456,Presbytis siamensis,0,Primates,,,,,
3449,2917,457,Presbytis thomasi,0,Primates,,,,,
3450,2918,458,Procolobus verus,0,Primates,,,,,
3451,2919,459,Prolemur simus,0,Primates,,,,,
3452,2920,460,Propithecus coquereli,0,Primates,,,,,
3453,2921,461,Propithecus deckenii,0,Primates,,,,,
3454,2922,462,Propithecus diadema,0,Primates,,,,,
3455,2923,463,Propithecus edwardsi,0,Primates,,,,,
3456,2924,464,Propithecus perrieri,0,Primates,,,,,
3457,2925,465,Propithecus tattersalli,0,Primates,,,,,
3458,2926,466,Propithecus verreauxi,0,Primates,,,,,
3459,2927,467,Pseudopotto martini,0,Primates,,,,,
3460,2928,468,Pygathrix cinerea,0,Primates,,,,,
3461,2929,469,Pygathrix nemaeus,0,Primates,,,,,
3462,2930,470,Pygathrix nigripes,0,Primates,,,,,
3463,2931,471,Rhinopithecus avunculus,0,Primates,,,,,
3464,2932,472,Rhinopithecus bieti,0,Primates,,,,,
3465,2933,473,Rhinopithecus brelichi,0,Primates,,,,,
3466,2934,474,Rhinopithecus roxellana,0,Primates,,,,,
3467,2935,475,Saguinus bicolor,0,Primates,,,,,
3468,2936,476,Saguinus fuscicollis,0,Primates,,,,,
3469,2937,477,Saguinus geoffroyi,1,Primates,Angiostrongyliasis,,https://www.ncbi.nlm.nih.gov/m/pubmed/25229535/,Angiostrongylus cantonensis,
3470,2938,478,Saguinus graellsi,0,Primates,,,,,
3471,2939,479,Saguinus imperator,1,Primates,Leishmaniasis - visceral,,https://www.ncbi.nlm.nih.gov/pubmed/20056328,Leishmania sp.,
3472,2940,480,Saguinus inustus,0,Primates,,,,,
3473,2941,481,Saguinus labiatus,0,Primates,,,,,
3474,2942,482,Saguinus leucopus,0,Primates,,,,,
3475,2943,483,Saguinus martinsi,0,Primates,,,,,
3476,2944,484,Saguinus melanoleucus,0,Primates,,,,,
7120,2945,485,Saguinus midas,1,Primates,Malaria,,"Fandeur, T., et al. ""Monkeys of the rainforest in French Guiana are natural reservoirs for P. brasilianum/P. malariae malaria."" Parasitology 120.1 (2000): 11-21",Plasmodium spp.,
3477,2946,486,Saguinus midas,1,Primates,Mayaro,,"Mayaro virus in wild mammals, French Guiana",Mayaro virus,
3478,2947,487,Saguinus midas,1,Primates,Yellow fever,,,Yellow fever virus,
3479,2948,488,Saguinus mystax,1,Primates,Angiostrongyliasis - abdominal,,https://www.ncbi.nlm.nih.gov/pubmed/6808242?dopt=abstract,Angiostrongylus costaricensis,
3480,2949,489,Saguinus niger,0,Primates,,,,,
3481,2950,490,Saguinus nigricollis,0,Primates,,,,,
3482,2951,491,Saguinus oedipus,0,Primates,,,,,
3483,2952,492,Saguinus pileatus,0,Primates,,,,,
3484,2953,493,Saguinus tripartitus,0,Primates,,,,,
3485,2954,494,Saimiri boliviensis,1,Primates,Trypanosomiasis - American,,"Finding of Trypanosoma cruzi Chagas 1909 in the monkey, Saimiri boliviensis, from Amazonia, Peru",Trypanosoma cruzi,
3486,2955,495,Saimiri oerstedii,0,Primates,,,,,
,,,Saimiri sciureus,1,Primates,Cryptosporidiosis,,"Cryptosporidium spp., Giardia intestinalis, and Enterocytozoon bieneusi in Captive Non-Human Primates in Qinling Mountains",Cryptosporidium spp.,
,,,Saimiri sciureus,1,Primates,Giardiasis,,"Cryptosporidium spp., Giardia intestinalis, and Enterocytozoon bieneusi in Captive Non-Human Primates in Qinling Mountains",Giardia intestinalis,
3487,2956,496,Saimiri sciureus,1,Primates,Leptospirosis,,https://www.ncbi.nlm.nih.gov/pubmed/1599047,Leptospira interrogans,
3488,2957,497,Saimiri sciureus,1,Primates,Mayaro,,"Mayaro virus in wild mammals, French Guiana",Mayaro virus,
3489,2958,498,Saimiri sciureus,1,Primates,Toxoplasmosis,,An epidemic of toxoplasmosis in a captive colony of squirrel monkeys (Saimiri sciureus),Toxoplasma gondii,
3490,2959,499,Saimiri sciureus,1,Primates,Tuberculosis,,https://www.ncbi.nlm.nih.gov/pubmed/6808137,Mycobacterium tuberculosis,
3491,2960,500,Saimiri sciureus,1,Primates,Yersiniosis,,https://www.ncbi.nlm.nih.gov/pubmed/7240387,Yersinia pseudotuberculosis,
3492,2961,501,Saimiri ustus,0,Primates,,,,,
3493,2962,502,Saimiri vanzolinii,0,Primates,,,,,
3494,2963,503,Semnopithecus ajax,0,Primates,,,,,
3495,2964,504,Semnopithecus dussumieri,0,Primates,,,,,
3496,2965,505,Semnopithecus entellus,1,Primates,Kyasanur Forest disease,Flavivirus Tick-borne encephalitis virus,,,
3497,2966,506,Semnopithecus hector,0,Primates,,,,,
3498,2967,507,Semnopithecus hypoleucos,0,Primates,,,,,
3499,2968,508,Semnopithecus priam,0,Primates,,,,,
3500,2969,509,Semnopithecus schistaceus,0,Primates,,,,,
3501,2970,510,Simias concolor,0,Primates,,,,,
3502,2971,511,Symphalangus syndactylus,0,Primates,,,,,
3503,2972,512,Tarsius bancanus,0,Primates,,,,,
3504,2973,513,Tarsius dentatus,0,Primates,,,,,
3505,2974,514,Tarsius pelengensis,0,Primates,,,,,
3506,2975,515,Tarsius pumilus,0,Primates,,,,,
3507,2976,516,Tarsius sangirensis,0,Primates,,,,,
3508,2977,517,Tarsius syrichta,0,Primates,,,,,
3509,2978,518,Tarsius tarsier,0,Primates,,,,,
3510,2979,519,Theropithecus gelada,0,Primates,,,,,
3511,2980,520,Trachypithecus auratus,0,Primates,,,,,
3512,2981,521,Trachypithecus barbei,0,Primates,,,,,
3513,2983,523,Trachypithecus cristatus,1,Primates,Dengue,,"Kee, William Stuebing. Serological Evidence of Dengue Infection in Non-human Primates in Peninsular Malaysia. Diss. Universiti Sains Malaysia, 2015",Dengue virus,
7121,2982,522,Trachypithecus cristatus,1,Primates,Filariasis,,"Maizels, R. M., et al 1988. Circulating antibodies and antigens in Presbytis monkeys infected with the filarial parasite Wuchereria bancrofti. Tropical Medicine and Parasitology 39:214–220",Wuchereria bancrofti,
3514,2984,524,Trachypithecus delacouri,0,Primates,,,,,
3515,2985,525,Trachypithecus ebenus,0,Primates,,,,,
3516,2986,526,Trachypithecus francoisi,0,Primates,,,,,
3517,2987,527,Trachypithecus geei,0,Primates,,,,,
3518,2988,528,Trachypithecus germaini,0,Primates,,,,,
3519,2989,529,Trachypithecus hatinhensis,0,Primates,,,,,
3520,2990,530,Trachypithecus johnii,0,Primates,,,,,
3521,2991,531,Trachypithecus laotum,0,Primates,,,,,
3522,2992,532,Trachypithecus obscurus,0,Primates,,,,,
3523,2993,533,Trachypithecus phayrei,0,Primates,,,,,
3524,2994,534,Trachypithecus pileatus,0,Primates,,,,,
3525,2995,535,Trachypithecus poliocephalus,0,Primates,,,,,
3526,2996,536,Trachypithecus shortridgei,0,Primates,,,,,
3527,2997,537,Trachypithecus vetulus,0,Primates,,,,,
3528,2998,538,Varecia rubra,1,Primates,Toxoplasmosis,,Seroepidemiology of Toxoplasma gondii in zoo animals in selected zoos in the midwestern United States,Toxoplasma gondii,
3529,2999,539,Varecia variegata,1,Primates,Ehrlichiosis - human monocytic,,,Ehrlichia chaffeensis,
3530,3000,540,Varecia variegata,1,Primates,Toxoplasmosis,,Seroepidemiology of Toxoplasma gondii in zoo animals in selected zoos in the midwestern United States,Toxoplasma gondii,